movieId,imdbId,imdb_url,id
1,0114709,https://www.imdb.com/title/tt0114709,862
6,0113277,https://www.imdb.com/title/tt0113277,949
10,0113189,https://www.imdb.com/title/tt0113189,710
16,0112641,https://www.imdb.com/title/tt0112641,524
18,0113101,https://www.imdb.com/title/tt0113101,5
25,0113627,https://www.imdb.com/title/tt0113627,451
29,0112682,https://www.imdb.com/title/tt0112682,902
32,0114746,https://www.imdb.com/title/tt0114746,63
36,0112818,https://www.imdb.com/title/tt0112818,687
45,0114681,https://www.imdb.com/title/tt0114681,577
47,0114369,https://www.imdb.com/title/tt0114369,807
50,0114814,https://www.imdb.com/title/tt0114814,629
70,0116367,https://www.imdb.com/title/tt0116367,755
81,0114660,https://www.imdb.com/title/tt0114660,400
82,0112379,https://www.imdb.com/title/tt0112379,880
97,0113247,https://www.imdb.com/title/tt0113247,406
105,0112579,https://www.imdb.com/title/tt0112579,688
110,0112573,https://www.imdb.com/title/tt0112573,197
111,0075314,https://www.imdb.com/title/tt0075314,103
150,0112384,https://www.imdb.com/title/tt0112384,568
153,0112462,https://www.imdb.com/title/tt0112462,414
154,0061395,https://www.imdb.com/title/tt0061395,649
198,0114558,https://www.imdb.com/title/tt0114558,281
215,0112471,https://www.imdb.com/title/tt0112471,76
235,0109707,https://www.imdb.com/title/tt0109707,522
236,0113117,https://www.imdb.com/title/tt0113117,397
253,0110148,https://www.imdb.com/title/tt0110148,628
260,0076759,https://www.imdb.com/title/tt0076759,11
288,0110632,https://www.imdb.com/title/tt0110632,241
290,0110729,https://www.imdb.com/title/tt0110729,527
293,0110413,https://www.imdb.com/title/tt0110413,101
296,0110912,https://www.imdb.com/title/tt0110912,680
306,0111495,https://www.imdb.com/title/tt0111495,110
307,0108394,https://www.imdb.com/title/tt0108394,108
308,0111507,https://www.imdb.com/title/tt0111507,109
318,0111161,https://www.imdb.com/title/tt0111161,278
329,0111280,https://www.imdb.com/title/tt0111280,193
342,0110598,https://www.imdb.com/title/tt0110598,236
355,0109813,https://www.imdb.com/title/tt0109813,888
356,0109830,https://www.imdb.com/title/tt0109830,13
357,0109831,https://www.imdb.com/title/tt0109831,712
367,0110475,https://www.imdb.com/title/tt0110475,854
390,0059170,https://www.imdb.com/title/tt0059170,315
420,0109254,https://www.imdb.com/title/tt0109254,306
423,0109303,https://www.imdb.com/title/tt0109303,178
479,0107286,https://www.imdb.com/title/tt0107286,6
480,0107290,https://www.imdb.com/title/tt0107290,329
482,0110265,https://www.imdb.com/title/tt0110265,507
500,0107614,https://www.imdb.com/title/tt0107614,788
509,0107822,https://www.imdb.com/title/tt0107822,713
527,0108052,https://www.imdb.com/title/tt0108052,424
535,0108122,https://www.imdb.com/title/tt0108122,695
539,0108160,https://www.imdb.com/title/tt0108160,858
540,0108162,https://www.imdb.com/title/tt0108162,867
541,0083658,https://www.imdb.com/title/tt0083658,78
555,0108399,https://www.imdb.com/title/tt0108399,319
586,0099785,https://www.imdb.com/title/tt0099785,771
587,0099653,https://www.imdb.com/title/tt0099653,251
588,0103639,https://www.imdb.com/title/tt0103639,812
589,0103064,https://www.imdb.com/title/tt0103064,280
590,0099348,https://www.imdb.com/title/tt0099348,581
592,0096895,https://www.imdb.com/title/tt0096895,268
593,0102926,https://www.imdb.com/title/tt0102926,274
594,0029583,https://www.imdb.com/title/tt0029583,408
597,0100405,https://www.imdb.com/title/tt0100405,114
599,0065214,https://www.imdb.com/title/tt0065214,576
608,0116282,https://www.imdb.com/title/tt0116282,275
648,0117060,https://www.imdb.com/title/tt0117060,954
670,0052572,https://www.imdb.com/title/tt0052572,896
702,0062952,https://www.imdb.com/title/tt0062952,753
714,0112817,https://www.imdb.com/title/tt0112817,922
736,0117998,https://www.imdb.com/title/tt0117998,664
745,0112691,https://www.imdb.com/title/tt0112691,532
750,0057012,https://www.imdb.com/title/tt0057012,935
778,0117951,https://www.imdb.com/title/tt0117951,627
780,0116629,https://www.imdb.com/title/tt0116629,602
851,0115632,https://www.imdb.com/title/tt0115632,549
858,0068646,https://www.imdb.com/title/tt0068646,238
898,0032904,https://www.imdb.com/title/tt0032904,981
899,0045152,https://www.imdb.com/title/tt0045152,872
902,0054698,https://www.imdb.com/title/tt0054698,164
903,0052357,https://www.imdb.com/title/tt0052357,426
904,0047396,https://www.imdb.com/title/tt0047396,567
908,0053125,https://www.imdb.com/title/tt0053125,213
909,0053604,https://www.imdb.com/title/tt0053604,284
910,0053291,https://www.imdb.com/title/tt0053291,239
912,0034583,https://www.imdb.com/title/tt0034583,289
913,0033870,https://www.imdb.com/title/tt0033870,963
916,0046250,https://www.imdb.com/title/tt0046250,804
918,0037059,https://www.imdb.com/title/tt0037059,909
919,0032138,https://www.imdb.com/title/tt0032138,630
920,0031381,https://www.imdb.com/title/tt0031381,770
922,0043014,https://www.imdb.com/title/tt0043014,599
923,0033467,https://www.imdb.com/title/tt0033467,15
924,0062622,https://www.imdb.com/title/tt0062622,62
926,0042192,https://www.imdb.com/title/tt0042192,705
928,0032976,https://www.imdb.com/title/tt0032976,223
930,0038787,https://www.imdb.com/title/tt0038787,303
933,0048728,https://www.imdb.com/title/tt0048728,381
946,0035446,https://www.imdb.com/title/tt0035446,198
949,0048028,https://www.imdb.com/title/tt0048028,220
955,0029947,https://www.imdb.com/title/tt0029947,900
965,0026029,https://www.imdb.com/title/tt0026029,260
969,0043265,https://www.imdb.com/title/tt0043265,488
971,0051459,https://www.imdb.com/title/tt0051459,261
1019,0046672,https://www.imdb.com/title/tt0046672,173
1020,0106611,https://www.imdb.com/title/tt0106611,864
1028,0058331,https://www.imdb.com/title/tt0058331,433
1036,0095016,https://www.imdb.com/title/tt0095016,562
1059,0117509,https://www.imdb.com/title/tt0117509,454
1061,0117665,https://www.imdb.com/title/tt0117665,819
1073,0067992,https://www.imdb.com/title/tt0067992,252
1079,0095159,https://www.imdb.com/title/tt0095159,623
1080,0079470,https://www.imdb.com/title/tt0079470,583
1084,0061418,https://www.imdb.com/title/tt0061418,475
1086,0046912,https://www.imdb.com/title/tt0046912,521
1088,0092890,https://www.imdb.com/title/tt0092890,88
1089,0105236,https://www.imdb.com/title/tt0105236,500
1090,0091763,https://www.imdb.com/title/tt0091763,792
1092,0103772,https://www.imdb.com/title/tt0103772,402
1097,0083866,https://www.imdb.com/title/tt0083866,601
1101,0092099,https://www.imdb.com/title/tt0092099,744
1103,0048545,https://www.imdb.com/title/tt0048545,221
1104,0044081,https://www.imdb.com/title/tt0044081,702
1128,0080749,https://www.imdb.com/title/tt0080749,790
1136,0071853,https://www.imdb.com/title/tt0071853,762
1148,0108598,https://www.imdb.com/title/tt0108598,531
1161,0078875,https://www.imdb.com/title/tt0078875,659
1175,0101700,https://www.imdb.com/title/tt0101700,892
1178,0050825,https://www.imdb.com/title/tt0050825,975
1183,0116209,https://www.imdb.com/title/tt0116209,409
1193,0073486,https://www.imdb.com/title/tt0073486,510
1198,0082971,https://www.imdb.com/title/tt0082971,85
1199,0088846,https://www.imdb.com/title/tt0088846,68
1200,0090605,https://www.imdb.com/title/tt0090605,679
1201,0060196,https://www.imdb.com/title/tt0060196,429
1203,0050083,https://www.imdb.com/title/tt0050083,389
1204,0056172,https://www.imdb.com/title/tt0056172,947
1206,0066921,https://www.imdb.com/title/tt0066921,185
1207,0056592,https://www.imdb.com/title/tt0056592,595
1208,0078788,https://www.imdb.com/title/tt0078788,28
1209,0064116,https://www.imdb.com/title/tt0064116,335
1211,0093191,https://www.imdb.com/title/tt0093191,144
1213,0099685,https://www.imdb.com/title/tt0099685,769
1214,0078748,https://www.imdb.com/title/tt0078748,348
1215,0106308,https://www.imdb.com/title/tt0106308,766
1216,0095250,https://www.imdb.com/title/tt0095250,175
1219,0054215,https://www.imdb.com/title/tt0054215,539
1220,0080455,https://www.imdb.com/title/tt0080455,525
1221,0071562,https://www.imdb.com/title/tt0071562,240
1222,0093058,https://www.imdb.com/title/tt0093058,600
1223,0104361,https://www.imdb.com/title/tt0104361,530
1225,0086879,https://www.imdb.com/title/tt0086879,279
1227,0087843,https://www.imdb.com/title/tt0087843,311
1230,0075686,https://www.imdb.com/title/tt0075686,703
1233,0082096,https://www.imdb.com/title/tt0082096,387
1235,0067185,https://www.imdb.com/title/tt0067185,343
1237,0050976,https://www.imdb.com/title/tt0050976,490
1240,0088247,https://www.imdb.com/title/tt0088247,218
1241,0103873,https://www.imdb.com/title/tt0103873,763
1244,0079522,https://www.imdb.com/title/tt0079522,696
1245,0100150,https://www.imdb.com/title/tt0100150,379
1246,0097165,https://www.imdb.com/title/tt0097165,207
1250,0050212,https://www.imdb.com/title/tt0050212,826
1251,0056801,https://www.imdb.com/title/tt0056801,422
1252,0071315,https://www.imdb.com/title/tt0071315,829
1253,0043456,https://www.imdb.com/title/tt0043456,828
1258,0081505,https://www.imdb.com/title/tt0081505,694
1259,0092005,https://www.imdb.com/title/tt0092005,235
1260,0022100,https://www.imdb.com/title/tt0022100,832
1261,0092991,https://www.imdb.com/title/tt0092991,765
1265,0107048,https://www.imdb.com/title/tt0107048,137
1266,0105695,https://www.imdb.com/title/tt0105695,33
1267,0056218,https://www.imdb.com/title/tt0056218,982
1269,0036613,https://www.imdb.com/title/tt0036613,212
1270,0088763,https://www.imdb.com/title/tt0088763,105
1274,0094625,https://www.imdb.com/title/tt0094625,149
1276,0061512,https://www.imdb.com/title/tt0061512,903
1279,0102536,https://www.imdb.com/title/tt0102536,339
1281,0032553,https://www.imdb.com/title/tt0032553,914
1282,0032455,https://www.imdb.com/title/tt0032455,756
1283,0044706,https://www.imdb.com/title/tt0044706,288
1284,0038355,https://www.imdb.com/title/tt0038355,910
1287,0052618,https://www.imdb.com/title/tt0052618,665
1291,0097576,https://www.imdb.com/title/tt0097576,89
1293,0083987,https://www.imdb.com/title/tt0083987,783
1299,0087553,https://www.imdb.com/title/tt0087553,625
1301,0049223,https://www.imdb.com/title/tt0049223,830
1303,0073341,https://www.imdb.com/title/tt0073341,983
1304,0064115,https://www.imdb.com/title/tt0064115,642
1305,0087884,https://www.imdb.com/title/tt0087884,655
1307,0098635,https://www.imdb.com/title/tt0098635,639
1321,0082010,https://www.imdb.com/title/tt0082010,814
1333,0056869,https://www.imdb.com/title/tt0056869,571
1340,0026138,https://www.imdb.com/title/tt0026138,229
1347,0087800,https://www.imdb.com/title/tt0087800,377
1348,0013442,https://www.imdb.com/title/tt0013442,653
1350,0075005,https://www.imdb.com/title/tt0075005,794
1354,0115751,https://www.imdb.com/title/tt0115751,145
1356,0117731,https://www.imdb.com/title/tt0117731,199
1371,0079945,https://www.imdb.com/title/tt0079945,152
1372,0102975,https://www.imdb.com/title/tt0102975,174
1373,0098382,https://www.imdb.com/title/tt0098382,172
1374,0084726,https://www.imdb.com/title/tt0084726,154
1375,0088170,https://www.imdb.com/title/tt0088170,157
1376,0092007,https://www.imdb.com/title/tt0092007,168
1377,0103776,https://www.imdb.com/title/tt0103776,364
1380,0077631,https://www.imdb.com/title/tt0077631,621
1387,0073195,https://www.imdb.com/title/tt0073195,578
1388,0077766,https://www.imdb.com/title/tt0077766,579
1391,0116996,https://www.imdb.com/title/tt0116996,75
1394,0093822,https://www.imdb.com/title/tt0093822,378
1446,0116790,https://www.imdb.com/title/tt0116790,784
1459,0118548,https://www.imdb.com/title/tt0118548,66
1464,0116922,https://www.imdb.com/title/tt0116922,638
1483,0115964,https://www.imdb.com/title/tt0115964,884
1517,0118655,https://www.imdb.com/title/tt0118655,816
1527,0119116,https://www.imdb.com/title/tt0119116,18
1544,0119567,https://www.imdb.com/title/tt0119567,330
1562,0118688,https://www.imdb.com/title/tt0118688,415
1572,0057345,https://www.imdb.com/title/tt0057345,266
1573,0119094,https://www.imdb.com/title/tt0119094,754
1580,0119654,https://www.imdb.com/title/tt0119654,607
1584,0118884,https://www.imdb.com/title/tt0118884,686
1611,0102494,https://www.imdb.com/title/tt0102494,468
1619,0120102,https://www.imdb.com/title/tt0120102,978
1653,0119177,https://www.imdb.com/title/tt0119177,782
1676,0120201,https://www.imdb.com/title/tt0120201,563
1704,0119217,https://www.imdb.com/title/tt0119217,489
1721,0120338,https://www.imdb.com/title/tt0120338,597
1722,0120347,https://www.imdb.com/title/tt0120347,714
1727,0119314,https://www.imdb.com/title/tt0119314,547
1729,0119396,https://www.imdb.com/title/tt0119396,184
1732,0118715,https://www.imdb.com/title/tt0118715,115
1747,0120885,https://www.imdb.com/title/tt0120885,586
1805,0120890,https://www.imdb.com/title/tt0120890,617
1835,0120632,https://www.imdb.com/title/tt0120632,795
1844,0118819,https://www.imdb.com/title/tt0118819,267
1882,0120685,https://www.imdb.com/title/tt0120685,929
1909,0120902,https://www.imdb.com/title/tt0120902,846
1917,0120591,https://www.imdb.com/title/tt0120591,95
1918,0122151,https://www.imdb.com/title/tt0122151,944
1921,0138704,https://www.imdb.com/title/tt0138704,473
1923,0129387,https://www.imdb.com/title/tt0129387,544
1927,0020629,https://www.imdb.com/title/tt0020629,143
1939,0036868,https://www.imdb.com/title/tt0036868,887
1945,0047296,https://www.imdb.com/title/tt0047296,654
1949,0060665,https://www.imdb.com/title/tt0060665,874
1959,0089755,https://www.imdb.com/title/tt0089755,606
1960,0093389,https://www.imdb.com/title/tt0093389,746
1961,0095953,https://www.imdb.com/title/tt0095953,380
1962,0097239,https://www.imdb.com/title/tt0097239,403
1964,0067309,https://www.imdb.com/title/tt0067309,466
1982,0077651,https://www.imdb.com/title/tt0077651,948
1994,0084516,https://www.imdb.com/title/tt0084516,609
2000,0093409,https://www.imdb.com/title/tt0093409,941
2001,0097733,https://www.imdb.com/title/tt0097733,942
2002,0104714,https://www.imdb.com/title/tt0104714,943
2003,0087363,https://www.imdb.com/title/tt0087363,927
2004,0099700,https://www.imdb.com/title/tt0099700,928
2010,0017136,https://www.imdb.com/title/tt0017136,19
2011,0096874,https://www.imdb.com/title/tt0096874,165
2012,0099088,https://www.imdb.com/title/tt0099088,196
2013,0069113,https://www.imdb.com/title/tt0069113,551
2019,0047478,https://www.imdb.com/title/tt0047478,346
2020,0094947,https://www.imdb.com/title/tt0094947,859
2021,0087182,https://www.imdb.com/title/tt0087182,841
2023,0099674,https://www.imdb.com/title/tt0099674,242
2028,0120815,https://www.imdb.com/title/tt0120815,857
2066,0039689,https://www.imdb.com/title/tt0039689,678
2067,0059113,https://www.imdb.com/title/tt0059113,907
2076,0090756,https://www.imdb.com/title/tt0090756,793
2105,0084827,https://www.imdb.com/title/tt0084827,97
2114,0086066,https://www.imdb.com/title/tt0086066,227
2115,0087469,https://www.imdb.com/title/tt0087469,87
2116,0077869,https://www.imdb.com/title/tt0077869,123
2132,0061184,https://www.imdb.com/title/tt0061184,396
2160,0063522,https://www.imdb.com/title/tt0063522,805
2178,0068611,https://www.imdb.com/title/tt0068611,573
2181,0058329,https://www.imdb.com/title/tt0058329,506
2183,0049470,https://www.imdb.com/title/tt0049470,574
2186,0044079,https://www.imdb.com/title/tt0044079,845
2193,0096446,https://www.imdb.com/title/tt0096446,847
2194,0094226,https://www.imdb.com/title/tt0094226,117
2208,0030341,https://www.imdb.com/title/tt0030341,940
2221,0019702,https://www.imdb.com/title/tt0019702,543
2232,0123755,https://www.imdb.com/title/tt0123755,431
2268,0104257,https://www.imdb.com/title/tt0104257,881
2291,0099487,https://www.imdb.com/title/tt0099487,162
2324,0118799,https://www.imdb.com/title/tt0118799,637
2329,0120586,https://www.imdb.com/title/tt0120586,73
2340,0119643,https://www.imdb.com/title/tt0119643,297
2357,0140888,https://www.imdb.com/title/tt0140888,666
2360,0154420,https://www.imdb.com/title/tt0154420,309
2361,0069089,https://www.imdb.com/title/tt0069089,692
2366,0024216,https://www.imdb.com/title/tt0024216,244
2376,0090264,https://www.imdb.com/title/tt0090264,707
2393,0120844,https://www.imdb.com/title/tt0120844,200
2443,0145734,https://www.imdb.com/title/tt0145734,825
2467,0091605,https://www.imdb.com/title/tt0091605,192
2529,0063442,https://www.imdb.com/title/tt0063442,871
2541,0139134,https://www.imdb.com/title/tt0139134,796
2542,0120735,https://www.imdb.com/title/tt0120735,100
2571,0133093,https://www.imdb.com/title/tt0133093,603
2617,0120616,https://www.imdb.com/title/tt0120616,564
2644,0021814,https://www.imdb.com/title/tt0021814,138
2671,0125439,https://www.imdb.com/title/tt0125439,509
2683,0145660,https://www.imdb.com/title/tt0145660,817
2692,0130827,https://www.imdb.com/title/tt0130827,104
2712,0120663,https://www.imdb.com/title/tt0120663,345
2716,0087332,https://www.imdb.com/title/tt0087332,620
2720,0141369,https://www.imdb.com/title/tt0141369,332
2726,0049406,https://www.imdb.com/title/tt0049406,247
2728,0054331,https://www.imdb.com/title/tt0054331,967
2729,0056193,https://www.imdb.com/title/tt0056193,802
2731,0053198,https://www.imdb.com/title/tt0053198,147
2739,0088939,https://www.imdb.com/title/tt0088939,873
2762,0167404,https://www.imdb.com/title/tt0167404,745
2763,0155267,https://www.imdb.com/title/tt0155267,913
2764,0063688,https://www.imdb.com/title/tt0063688,912
2791,0080339,https://www.imdb.com/title/tt0080339,813
2804,0085334,https://www.imdb.com/title/tt0085334,850
2858,0169547,https://www.imdb.com/title/tt0169547,14
2863,0058182,https://www.imdb.com/title/tt0058182,704
2908,0171804,https://www.imdb.com/title/tt0171804,226
2916,0100802,https://www.imdb.com/title/tt0100802,861
2927,0037558,https://www.imdb.com/title/tt0037558,851
2942,0085549,https://www.imdb.com/title/tt0085549,535
2947,0058150,https://www.imdb.com/title/tt0058150,658
2948,0057076,https://www.imdb.com/title/tt0057076,657
2949,0055928,https://www.imdb.com/title/tt0055928,646
2951,0058461,https://www.imdb.com/title/tt0058461,391
2953,0104431,https://www.imdb.com/title/tt0104431,772
2959,0137523,https://www.imdb.com/title/tt0137523,550
2966,0166896,https://www.imdb.com/title/tt0166896,404
2987,0096438,https://www.imdb.com/title/tt0096438,856
2989,0082398,https://www.imdb.com/title/tt0082398,699
2990,0097742,https://www.imdb.com/title/tt0097742,709
2991,0070328,https://www.imdb.com/title/tt0070328,253
2993,0059800,https://www.imdb.com/title/tt0059800,660
2997,0120601,https://www.imdb.com/title/tt0120601,492
3000,0119698,https://www.imdb.com/title/tt0119698,128
3019,0097240,https://www.imdb.com/title/tt0097240,476
3022,0017925,https://www.imdb.com/title/tt0017925,961
3033,0094012,https://www.imdb.com/title/tt0094012,957
3083,0185125,https://www.imdb.com/title/tt0185125,99
3095,0032551,https://www.imdb.com/title/tt0032551,596
3100,0105265,https://www.imdb.com/title/tt0105265,293
3108,0101889,https://www.imdb.com/title/tt0101889,177
3114,0120363,https://www.imdb.com/title/tt0120363,863
3134,0028950,https://www.imdb.com/title/tt0028950,777
3147,0120689,https://www.imdb.com/title/tt0120689,497
3160,0175880,https://www.imdb.com/title/tt0175880,334
3168,0064276,https://www.imdb.com/title/tt0064276,624
3175,0177789,https://www.imdb.com/title/tt0177789,926
3196,0046359,https://www.imdb.com/title/tt0046359,632
3257,0103855,https://www.imdb.com/title/tt0103855,619
3307,0021749,https://www.imdb.com/title/tt0021749,901
3320,0164756,https://www.imdb.com/title/tt0164756,139
3355,0142688,https://www.imdb.com/title/tt0142688,622
3361,0094812,https://www.imdb.com/title/tt0094812,287
3362,0072890,https://www.imdb.com/title/tt0072890,968
3363,0069704,https://www.imdb.com/title/tt0069704,838
3386,0102138,https://www.imdb.com/title/tt0102138,820
3394,0092666,https://www.imdb.com/title/tt0092666,918
3408,0195685,https://www.imdb.com/title/tt0195685,462
3424,0097216,https://www.imdb.com/title/tt0097216,925
3435,0036775,https://www.imdb.com/title/tt0036775,996
3448,0093105,https://www.imdb.com/title/tt0093105,801
3468,0054997,https://www.imdb.com/title/tt0054997,990
3471,0075860,https://www.imdb.com/title/tt0075860,840
3479,0089457,https://www.imdb.com/title/tt0089457,526
3481,0146882,https://www.imdb.com/title/tt0146882,243
3489,0102057,https://www.imdb.com/title/tt0102057,879
3503,0069293,https://www.imdb.com/title/tt0069293,593
3527,0093773,https://www.imdb.com/title/tt0093773,106
3564,0158622,https://www.imdb.com/title/tt0158622,889
3569,0154421,https://www.imdb.com/title/tt0154421,452
3578,0172495,https://www.imdb.com/title/tt0172495,98
3623,0120755,https://www.imdb.com/title/tt0120755,955
3629,0015864,https://www.imdb.com/title/tt0015864,962
3633,0064757,https://www.imdb.com/title/tt0064757,668
3635,0076752,https://www.imdb.com/title/tt0076752,691
3638,0079574,https://www.imdb.com/title/tt0079574,698
3639,0071807,https://www.imdb.com/title/tt0071807,682
3653,0060371,https://www.imdb.com/title/tt0060371,21
3676,0074486,https://www.imdb.com/title/tt0074486,985
3678,0048347,https://www.imdb.com/title/tt0048347,541
3681,0059578,https://www.imdb.com/title/tt0059578,938
3697,0100403,https://www.imdb.com/title/tt0100403,169
3698,0093894,https://www.imdb.com/title/tt0093894,865
3706,0092563,https://www.imdb.com/title/tt0092563,635
3729,0067741,https://www.imdb.com/title/tt0067741,482
3730,0071360,https://www.imdb.com/title/tt0071360,592
3739,0023622,https://www.imdb.com/title/tt0023622,195
3742,0015648,https://www.imdb.com/title/tt0015648,643
3744,0162650,https://www.imdb.com/title/tt0162650,479
3801,0052561,https://www.imdb.com/title/tt0052561,93
3897,0181875,https://www.imdb.com/title/tt0181875,786
3910,0168629,https://www.imdb.com/title/tt0168629,16
3925,0088184,https://www.imdb.com/title/tt0088184,469
3929,0032234,https://www.imdb.com/title/tt0032234,911
3949,0180093,https://www.imdb.com/title/tt0180093,641
3967,0249462,https://www.imdb.com/title/tt0249462,71
3984,0066995,https://www.imdb.com/title/tt0066995,681
3996,0190332,https://www.imdb.com/title/tt0190332,146
4005,0093428,https://www.imdb.com/title/tt0093428,708
4011,0208092,https://www.imdb.com/title/tt0208092,107
4014,0241303,https://www.imdb.com/title/tt0241303,392
4019,0181536,https://www.imdb.com/title/tt0181536,711
4027,0190590,https://www.imdb.com/title/tt0190590,134
4084,0092644,https://www.imdb.com/title/tt0092644,96
4085,0086960,https://www.imdb.com/title/tt0086960,90
4105,0083907,https://www.imdb.com/title/tt0083907,764
4124,0093300,https://www.imdb.com/title/tt0093300,580
4144,0118694,https://www.imdb.com/title/tt0118694,843
4146,0120753,https://www.imdb.com/title/tt0120753,318
4223,0215750,https://www.imdb.com/title/tt0215750,853
4226,0209144,https://www.imdb.com/title/tt0209144,77
4235,0245712,https://www.imdb.com/title/tt0245712,55
4246,0243155,https://www.imdb.com/title/tt0243155,634
4262,0086250,https://www.imdb.com/title/tt0086250,111
4275,0085811,https://www.imdb.com/title/tt0085811,849
4298,0048021,https://www.imdb.com/title/tt0048021,934
4306,0126029,https://www.imdb.com/title/tt0126029,808
4308,0203009,https://www.imdb.com/title/tt0203009,824
4310,0213149,https://www.imdb.com/title/tt0213149,676
4327,0054047,https://www.imdb.com/title/tt0054047,966
4329,0053221,https://www.imdb.com/title/tt0053221,301
4356,0045810,https://www.imdb.com/title/tt0045810,759
4370,0212720,https://www.imdb.com/title/tt0212720,644
4432,0051036,https://www.imdb.com/title/tt0051036,976
4470,0094675,https://www.imdb.com/title/tt0094675,2
4638,0163025,https://www.imdb.com/title/tt0163025,331
4640,0222851,https://www.imdb.com/title/tt0222851,327
4643,0133152,https://www.imdb.com/title/tt0133152,869
4644,0237539,https://www.imdb.com/title/tt0237539,552
4681,0098621,https://www.imdb.com/title/tt0098621,249
4741,0203166,https://www.imdb.com/title/tt0203166,742
4804,0055312,https://www.imdb.com/title/tt0055312,248
4855,0066999,https://www.imdb.com/title/tt0066999,984
4865,0120681,https://www.imdb.com/title/tt0120681,768
4874,0272152,https://www.imdb.com/title/tt0272152,167
4878,0246578,https://www.imdb.com/title/tt0246578,141
4886,0198781,https://www.imdb.com/title/tt0198781,585
4896,0241527,https://www.imdb.com/title/tt0241527,671
4914,0053472,https://www.imdb.com/title/tt0053472,269
4954,0054135,https://www.imdb.com/title/tt0054135,299
4963,0240772,https://www.imdb.com/title/tt0240772,161
4970,0020697,https://www.imdb.com/title/tt0020697,228
4973,0211915,https://www.imdb.com/title/tt0211915,194
4993,0120737,https://www.imdb.com/title/tt0120737,120
4995,0268978,https://www.imdb.com/title/tt0268978,453
5010,0265086,https://www.imdb.com/title/tt0265086,855
5039,0082288,https://www.imdb.com/title/tt0082288,848
5049,0083511,https://www.imdb.com/title/tt0083511,150
5051,0243862,https://www.imdb.com/title/tt0243862,112
5060,0066026,https://www.imdb.com/title/tt0066026,651
5105,0069995,https://www.imdb.com/title/tt0069995,931
5120,0069281,https://www.imdb.com/title/tt0069281,993
5135,0265343,https://www.imdb.com/title/tt0265343,480
5147,0050986,https://www.imdb.com/title/tt0050986,614
5177,0035015,https://www.imdb.com/title/tt0035015,965
5218,0268380,https://www.imdb.com/title/tt0268380,425
5291,0042876,https://www.imdb.com/title/tt0042876,548
5298,0219822,https://www.imdb.com/title/tt0219822,441
5304,0038890,https://www.imdb.com/title/tt0038890,307
5349,0145487,https://www.imdb.com/title/tt0145487,557
5377,0276751,https://www.imdb.com/title/tt0276751,245
5388,0278504,https://www.imdb.com/title/tt0278504,320
5410,0067756,https://www.imdb.com/title/tt0067756,811
5445,0181689,https://www.imdb.com/title/tt0181689,180
5459,0120912,https://www.imdb.com/title/tt0120912,608
5481,0295178,https://www.imdb.com/title/tt0295178,818
5599,0022458,https://www.imdb.com/title/tt0022458,977
5600,0080117,https://www.imdb.com/title/tt0080117,233
5608,0250258,https://www.imdb.com/title/tt0250258,575
5618,0245429,https://www.imdb.com/title/tt0245429,129
5679,0298130,https://www.imdb.com/title/tt0298130,565
5810,0298203,https://www.imdb.com/title/tt0298203,65
5816,0295297,https://www.imdb.com/title/tt0295297,672
5818,0313196,https://www.imdb.com/title/tt0313196,542
5878,0287467,https://www.imdb.com/title/tt0287467,64
5944,0253754,https://www.imdb.com/title/tt0253754,201
5952,0167261,https://www.imdb.com/title/tt0167261,121
5989,0264464,https://www.imdb.com/title/tt0264464,640
5992,0274558,https://www.imdb.com/title/tt0274558,590
5995,0253474,https://www.imdb.com/title/tt0253474,423
6001,0085794,https://www.imdb.com/title/tt0085794,262
6016,0317248,https://www.imdb.com/title/tt0317248,598
6184,0074851,https://www.imdb.com/title/tt0074851,991
6214,0290673,https://www.imdb.com/title/tt0290673,979
6218,0286499,https://www.imdb.com/title/tt0286499,455
6301,0067800,https://www.imdb.com/title/tt0067800,994
6365,0234215,https://www.imdb.com/title/tt0234215,604
6373,0315327,https://www.imdb.com/title/tt0315327,310
6377,0266543,https://www.imdb.com/title/tt0266543,12
6383,0322259,https://www.imdb.com/title/tt0322259,584
6440,0101410,https://www.imdb.com/title/tt0101410,290
6502,0289043,https://www.imdb.com/title/tt0289043,170
6509,0071141,https://www.imdb.com/title/tt0071141,216
6537,0181852,https://www.imdb.com/title/tt0181852,296
6538,0324133,https://www.imdb.com/title/tt0324133,302
6539,0325980,https://www.imdb.com/title/tt0325980,22
6579,0055256,https://www.imdb.com/title/tt0055256,430
6611,0045274,https://www.imdb.com/title/tt0045274,833
6645,0066434,https://www.imdb.com/title/tt0066434,636
6662,0057413,https://www.imdb.com/title/tt0057413,936
6683,0116308,https://www.imdb.com/title/tt0116308,513
6711,0335266,https://www.imdb.com/title/tt0335266,153
6754,0320691,https://www.imdb.com/title/tt0320691,277
6769,0330602,https://www.imdb.com/title/tt0330602,321
6770,0314412,https://www.imdb.com/title/tt0314412,20
6774,0086541,https://www.imdb.com/title/tt0086541,837
6777,0055031,https://www.imdb.com/title/tt0055031,821
6783,0031885,https://www.imdb.com/title/tt0031885,776
6787,0074119,https://www.imdb.com/title/tt0074119,891
6796,0101507,https://www.imdb.com/title/tt0101507,650
6870,0327056,https://www.imdb.com/title/tt0327056,322
6874,0266697,https://www.imdb.com/title/tt0266697,24
6918,0048956,https://www.imdb.com/title/tt0048956,897
6934,0242653,https://www.imdb.com/title/tt0242653,605
6942,0314331,https://www.imdb.com/title/tt0314331,508
6953,0315733,https://www.imdb.com/title/tt0315733,470
6979,0086567,https://www.imdb.com/title/tt0086567,860
6985,0019254,https://www.imdb.com/title/tt0019254,780
6987,0010323,https://www.imdb.com/title/tt0010323,234
7004,0099938,https://www.imdb.com/title/tt0099938,951
7044,0100935,https://www.imdb.com/title/tt0100935,483
7062,0055798,https://www.imdb.com/title/tt0055798,898
7064,0038348,https://www.imdb.com/title/tt0038348,648
7065,0004972,https://www.imdb.com/title/tt0004972,618
7072,0031971,https://www.imdb.com/title/tt0031971,995
7076,0062765,https://www.imdb.com/title/tt0062765,916
7090,0299977,https://www.imdb.com/title/tt0299977,79
7093,0071524,https://www.imdb.com/title/tt0071524,987
7099,0087544,https://www.imdb.com/title/tt0087544,81
7116,0046911,https://www.imdb.com/title/tt0046911,827
7136,0062695,https://www.imdb.com/title/tt0062695,255
7143,0325710,https://www.imdb.com/title/tt0325710,616
7147,0319061,https://www.imdb.com/title/tt0319061,587
7153,0167260,https://www.imdb.com/title/tt0167260,122
7160,0340855,https://www.imdb.com/title/tt0340855,504
7206,0050706,https://www.imdb.com/title/tt0050706,427
7209,0046487,https://www.imdb.com/title/tt0046487,778
7234,0047528,https://www.imdb.com/title/tt0047528,405
7299,0329388,https://www.imdb.com/title/tt0329388,337
7318,0335345,https://www.imdb.com/title/tt0335345,615
7323,0301357,https://www.imdb.com/title/tt0301357,338
7327,0060827,https://www.imdb.com/title/tt0060827,797
7352,0329767,https://www.imdb.com/title/tt0329767,156
7360,0363547,https://www.imdb.com/title/tt0363547,924
7361,0338013,https://www.imdb.com/title/tt0338013,38
7371,0276919,https://www.imdb.com/title/tt0276919,553
7387,0077402,https://www.imdb.com/title/tt0077402,923
7438,0378194,https://www.imdb.com/title/tt0378194,393
7458,0332452,https://www.imdb.com/title/tt0332452,652
7460,0379217,https://www.imdb.com/title/tt0379217,883
7484,0065780,https://www.imdb.com/title/tt0065780,132
7560,0058083,https://www.imdb.com/title/tt0058083,502
7569,0062512,https://www.imdb.com/title/tt0062512,667
7570,0086034,https://www.imdb.com/title/tt0086034,700
7586,0076734,https://www.imdb.com/title/tt0076734,633
7615,0089015,https://www.imdb.com/title/tt0089015,294
7698,0078966,https://www.imdb.com/title/tt0078966,988
7700,0046268,https://www.imdb.com/title/tt0046268,204
7842,0142032,https://www.imdb.com/title/tt0142032,876
7894,0067140,https://www.imdb.com/title/tt0067140,336
7914,0017668,https://www.imdb.com/title/tt0017668,222
8014,0374546,https://www.imdb.com/title/tt0374546,113
8042,0070379,https://www.imdb.com/title/tt0070379,203
8070,0304126,https://www.imdb.com/title/tt0304126,316
8117,0180748,https://www.imdb.com/title/tt0180748,250
8125,0018455,https://www.imdb.com/title/tt0018455,631
8154,0053779,https://www.imdb.com/title/tt0053779,439
8157,0193253,https://www.imdb.com/title/tt0193253,823
8327,0330229,https://www.imdb.com/title/tt0330229,870
8360,0298148,https://www.imdb.com/title/tt0298148,809
8361,0319262,https://www.imdb.com/title/tt0319262,435
8368,0304141,https://www.imdb.com/title/tt0304141,673
8370,0363226,https://www.imdb.com/title/tt0363226,246
8447,0047577,https://www.imdb.com/title/tt0047577,831
8477,0056119,https://www.imdb.com/title/tt0056119,662
8494,0059037,https://www.imdb.com/title/tt0059037,886
8507,0022913,https://www.imdb.com/title/tt0022913,136
8529,0362227,https://www.imdb.com/title/tt0362227,594
8609,0014341,https://www.imdb.com/title/tt0014341,701
8636,0316654,https://www.imdb.com/title/tt0316654,558
8638,0381681,https://www.imdb.com/title/tt0381681,80
8645,0390221,https://www.imdb.com/title/tt0390221,436
8666,0327554,https://www.imdb.com/title/tt0327554,314
8784,0333766,https://www.imdb.com/title/tt0333766,401
8810,0370263,https://www.imdb.com/title/tt0370263,395
8874,0365748,https://www.imdb.com/title/tt0365748,747
8957,0387564,https://www.imdb.com/title/tt0387564,176
8970,0308644,https://www.imdb.com/title/tt0308644,866
8973,0275491,https://www.imdb.com/title/tt0275491,140
8984,0349903,https://www.imdb.com/title/tt0349903,163
25750,0015324,https://www.imdb.com/title/tt0015324,992
25755,0016220,https://www.imdb.com/title/tt0016220,964
25763,0018737,https://www.imdb.com/title/tt0018737,905
25771,0020530,https://www.imdb.com/title/tt0020530,626
25788,0023427,https://www.imdb.com/title/tt0023427,877
25941,0040536,https://www.imdb.com/title/tt0040536,946
26003,0048434,https://www.imdb.com/title/tt0048434,803
26052,0053168,https://www.imdb.com/title/tt0053168,690
26150,0060107,https://www.imdb.com/title/tt0060107,895
26163,0061589,https://www.imdb.com/title/tt0061589,135
26242,0067023,https://www.imdb.com/title/tt0067023,839
26485,0086216,https://www.imdb.com/title/tt0086216,232
27266,0212712,https://www.imdb.com/title/tt0212712,844
27338,0242527,https://www.imdb.com/title/tt0242527,467
27441,0275230,https://www.imdb.com/title/tt0275230,919
27482,0285492,https://www.imdb.com/title/tt0285492,437
27727,0347048,https://www.imdb.com/title/tt0347048,363
27773,0364569,https://www.imdb.com/title/tt0364569,670
27821,0373926,https://www.imdb.com/title/tt0373926,179
27822,0374102,https://www.imdb.com/title/tt0374102,83
27857,0382330,https://www.imdb.com/title/tt0382330,464
27882,0389326,https://www.imdb.com/title/tt0389326,291
30707,0405159,https://www.imdb.com/title/tt0405159,70
30749,0395169,https://www.imdb.com/title/tt0395169,205
30793,0367594,https://www.imdb.com/title/tt0367594,118
30810,0362270,https://www.imdb.com/title/tt0362270,421
30825,0290002,https://www.imdb.com/title/tt0290002,693
30846,0364961,https://www.imdb.com/title/tt0364961,842
31408,0420206,https://www.imdb.com/title/tt0420206,342
31410,0363163,https://www.imdb.com/title/tt0363163,613
31413,0276617,https://www.imdb.com/title/tt0276617,273
31522,0079095,https://www.imdb.com/title/tt0079095,661
31696,0360486,https://www.imdb.com/title/tt0360486,561
31963,0065651,https://www.imdb.com/title/tt0065651,258
32025,0352994,https://www.imdb.com/title/tt0352994,26
32460,0119472,https://www.imdb.com/title/tt0119472,158
32587,0401792,https://www.imdb.com/title/tt0401792,187
32898,0000417,https://www.imdb.com/title/tt0000417,775
33615,0351283,https://www.imdb.com/title/tt0351283,953
33660,0352248,https://www.imdb.com/title/tt0352248,921
33679,0356910,https://www.imdb.com/title/tt0356910,787
33794,0372784,https://www.imdb.com/title/tt0372784,272
33903,0408777,https://www.imdb.com/title/tt0408777,276
34048,0407304,https://www.imdb.com/title/tt0407304,74
34437,0412019,https://www.imdb.com/title/tt0412019,308
34542,0427312,https://www.imdb.com/title/tt0427312,501
36276,0387898,https://www.imdb.com/title/tt0387898,445
36535,0404030,https://www.imdb.com/title/tt0404030,340
37733,0399146,https://www.imdb.com/title/tt0399146,59
37736,0380599,https://www.imdb.com/title/tt0380599,257
37741,0379725,https://www.imdb.com/title/tt0379725,398
37830,0385700,https://www.imdb.com/title/tt0385700,647
38038,0312004,https://www.imdb.com/title/tt0312004,533
39183,0388795,https://www.imdb.com/title/tt0388795,142
39446,0432348,https://www.imdb.com/title/tt0432348,215
39941,0078771,https://www.imdb.com/title/tt0078771,259
40278,0418763,https://www.imdb.com/title/tt0418763,25
40583,0365737,https://www.imdb.com/title/tt0365737,231
40815,0330373,https://www.imdb.com/title/tt0330373,674
40819,0358273,https://www.imdb.com/title/tt0358273,69
41285,0416320,https://www.imdb.com/title/tt0416320,116
41527,0445620,https://www.imdb.com/title/tt0445620,67
41566,0363771,https://www.imdb.com/title/tt0363771,411
41569,0360717,https://www.imdb.com/title/tt0360717,254
41997,0408306,https://www.imdb.com/title/tt0408306,612
42004,0407265,https://www.imdb.com/title/tt0407265,546
42738,0401855,https://www.imdb.com/title/tt0401855,834
43708,0425598,https://www.imdb.com/title/tt0425598,292
44022,0438097,https://www.imdb.com/title/tt0438097,950
44191,0434409,https://www.imdb.com/title/tt0434409,752
44199,0454848,https://www.imdb.com/title/tt0454848,388
44204,0468565,https://www.imdb.com/title/tt0468565,868
44555,0405094,https://www.imdb.com/title/tt0405094,582
44587,0013427,https://www.imdb.com/title/tt0013427,669
44665,0425210,https://www.imdb.com/title/tt0425210,186
44694,0441909,https://www.imdb.com/title/tt0441909,219
45081,0384537,https://www.imdb.com/title/tt0384537,588
45186,0317919,https://www.imdb.com/title/tt0317919,956
45442,0409182,https://www.imdb.com/title/tt0409182,503
45447,0382625,https://www.imdb.com/title/tt0382625,591
45517,0317219,https://www.imdb.com/title/tt0317219,920
45662,0466909,https://www.imdb.com/title/tt0466909,806
45720,0458352,https://www.imdb.com/title/tt0458352,350
45722,0383574,https://www.imdb.com/title/tt0383574,58
46578,0449059,https://www.imdb.com/title/tt0449059,773
46965,0417148,https://www.imdb.com/title/tt0417148,326
46967,0457513,https://www.imdb.com/title/tt0457513,512
47044,0430357,https://www.imdb.com/title/tt0430357,82
47202,0430576,https://www.imdb.com/title/tt0430576,148
48082,0354899,https://www.imdb.com/title/tt0354899,300
48385,0443453,https://www.imdb.com/title/tt0443453,496
48660,0430051,https://www.imdb.com/title/tt0430051,86
48877,0489270,https://www.imdb.com/title/tt0489270,214
50064,0452624,https://www.imdb.com/title/tt0452624,182
52722,0413300,https://www.imdb.com/title/tt0413300,559
53121,0413267,https://www.imdb.com/title/tt0413267,810
53125,0449088,https://www.imdb.com/title/tt0449088,285
53322,0496806,https://www.imdb.com/title/tt0496806,298
54001,0373889,https://www.imdb.com/title/tt0373889,675
54272,0462538,https://www.imdb.com/title/tt0462538,35
55577,0890870,https://www.imdb.com/title/tt0890870,663
56801,0758730,https://www.imdb.com/title/tt0758730,440
58520,0089537,https://www.imdb.com/title/tt0089537,383
58559,0468569,https://www.imdb.com/title/tt0468569,155
59615,0367882,https://www.imdb.com/title/tt0367882,217
68791,0438488,https://www.imdb.com/title/tt0438488,534
69844,0417741,https://www.imdb.com/title/tt0417741,767
113573,0458481,https://www.imdb.com/title/tt0458481,189
